A_1_center,A_1_front,A_1_left,A_1_right,A_1_back,A_2_center,A_2_front,A_2_left,A_2_right,A_2_back,A_3_center,A_3_front,A_3_left,A_3_right,A_3_back,A_4_center,A_4_front,A_4_left,A_4_right,A_4_back,A_5_center,A_5_front,A_5_left,A_5_right,A_5_back,A_6_center,A_6_front,A_6_left,A_6_right,A_6_back,A_7_center,A_7_front,A_7_left,A_7_right,A_7_back,x,y,z,source_file,Objektname,Objektkategorie,OAufnahme,Schwierigkeit,Gewicht
0.4763,0.3165,0.4956,-0.1215,-0.0672,6.8873,7.5924,6.3801,6.0658,6.4197,0.9729,0.3637,-0.2169,0.4461,1.0831,-5.2334,-6.7232,-4.9941,-3.8878,-4.891,0.8403,0.3788,-1.1571,0.2662,2.0641,-0.2124,2.1051,-0.7336,-1.9452,-0.761,0.2957,0.2818,0.3135,0.2283,0.2058,50.0,50.0,50.0,4eck_g_O_V_u_1.csv,4eck,1,2,1,185.5
0.497,0.0085,0.3899,0.6804,0.1676,6.9458,7.858,6.4475,5.8689,6.5313,0.5466,0.1266,-0.4088,0.5306,1.2771,-5.3557,-6.7772,-5.0037,-3.8564,-4.9448,0.7215,0.5448,-1.2225,0.1519,2.0333,-0.2677,2.1184,-0.8133,-1.966,-0.7794,0.2881,0.2134,0.2977,0.2569,0.2011,50.0,50.0,50.0,4eck_g_O_V_u_2.csv,4eck,1,2,1,185.5
0.4316,-0.1502,0.3398,-0.154,0.048,6.807,7.5321,6.432,5.9583,6.3993,0.9505,0.1765,-0.4399,0.3501,1.238,-5.2799,-6.5543,-5.0109,-3.9478,-4.9033,0.7121,0.462,-1.2515,0.1873,1.9762,-0.2828,2.1238,-0.8279,-1.9482,-0.7472,0.2769,0.1961,0.3113,0.2361,0.1949,50.0,50.0,50.0,4eck_g_O_V_u_3.csv,4eck,1,2,1,185.5
0.4469,0.7315,0.4341,0.4236,0.1068,6.8752,7.4978,6.4102,6.09,6.5223,1.0012,0.5512,-0.4441,0.4742,1.2907,-5.2969,-6.6745,-5.0384,-3.9672,-4.9982,0.7833,0.221,-1.171,0.5306,2.0775,-0.2358,2.1462,-0.7689,-1.9504,-0.7327,0.2741,0.2683,0.3115,0.2377,0.1881,50.0,50.0,50.0,4eck_g_O_V_u_4.csv,4eck,1,2,1,185.5
0.4873,-0.0757,0.3271,0.0134,0.0005,6.9167,7.6387,6.4398,5.9942,6.5514,0.9351,0.5135,-0.4916,0.5602,1.212,-5.3403,-6.592,-5.0441,-3.9927,-4.9862,0.7992,0.6341,-1.1773,0.3746,2.0678,-0.2136,2.1524,-0.7634,-1.9208,-0.7537,0.2659,0.2143,0.3217,0.2069,0.1754,50.0,50.0,50.0,4eck_g_O_V_u_5.csv,4eck,1,2,1,185.5
0.476,-0.0449,0.2698,0.7083,0.1135,6.9393,7.6554,6.4537,6.2273,6.6314,0.7808,0.2931,-0.502,0.8344,1.3556,-5.406,-6.7219,-4.9571,-4.1574,-5.0608,0.8339,0.6327,-1.1409,0.269,2.117,-0.2051,2.1817,-0.7926,-1.8757,-0.7517,0.2592,0.2174,0.3285,0.2378,0.1546,50.0,50.0,50.0,4eck_g_O_V_u_6.csv,4eck,1,2,1,185.5
0.5915,0.7358,0.3018,0.6523,0.0499,6.9691,7.6159,6.3907,6.1249,6.5358,0.4116,0.4636,-0.5555,0.8153,1.3182,-5.402,-6.6934,-5.0286,-4.0038,-5.0612,0.7554,0.5388,-1.2248,0.5738,2.0319,-0.2364,2.1568,-0.7747,-1.9026,-0.7015,0.1811,0.1813,0.3338,0.2455,0.1554,50.0,50.0,50.0,4eck_g_O_V_u_7.csv,4eck,1,2,1,185.5
0.5817,0.6669,0.3718,0.5671,-0.0251,6.9432,7.6453,6.5191,5.9441,6.4462,0.5035,0.0312,-0.5055,0.751,1.2483,-5.3302,-6.7221,-5.101,-3.9297,-4.9155,0.8214,0.2099,-1.1962,0.3001,2.031,-0.2732,2.1548,-0.7553,-1.9512,-0.7925,0.2669,0.2448,0.3197,0.2302,0.1723,50.0,50.0,50.0,4eck_g_O_V_u_8.csv,4eck,1,2,1,185.5
0.5892,-0.1412,0.3019,0.5437,0.019,7.024,7.9223,6.3258,5.9539,6.5494,0.8398,0.4453,-0.6108,0.7639,1.2243,-5.4741,-6.8382,-5.0231,-3.9712,-5.05,0.7289,0.5422,-1.2319,0.2274,2.011,-0.2728,2.1825,-0.8225,-1.8704,-0.6887,0.1673,0.1505,0.3203,0.2547,0.1603,50.0,50.0,50.0,4eck_g_O_V_u_9.csv,4eck,1,2,1,185.5
0.5196,0.2779,0.4532,-0.044,0.0263,7.0179,7.7591,6.3804,6.02,6.4956,0.4948,0.4026,-0.4428,0.424,1.3155,-5.4223,-6.695,-5.0119,-3.9443,-4.977,0.7502,0.5779,-1.1871,0.244,2.016,-0.2944,2.1321,-0.8482,-1.9198,-0.7572,0.1652,0.1706,0.3049,0.2142,0.1696,50.0,50.0,50.0,4eck_g_O_V_u_10.csv,4eck,1,2,1,185.5
0.5101,0.7157,0.287,-0.0578,-0.0117,6.9199,7.9581,6.4408,5.9516,6.487,0.9081,0.5559,-0.6264,0.4126,1.2783,-5.3902,-6.8252,-4.9653,-3.9929,-4.9247,0.7933,0.4637,-1.1454,0.225,2.0371,-0.319,2.1664,-0.8519,-1.9134,-0.7949,0.1613,0.2295,0.2952,0.2001,0.1814,50.0,50.0,50.0,4eck_g_O_V_r_4.csv,4eck,1,2,1,185.5
0.5632,0.2202,0.349,0.7246,0.0371,7.0861,7.6221,6.4552,5.8307,6.7039,0.8154,0.5873,-0.5984,0.6348,1.314,-5.4697,-6.6944,-5.0423,-3.9205,-5.0929,0.7712,0.5627,-1.1721,0.2727,2.0536,-0.296,2.1973,-0.7887,-1.8825,-0.7627,0.1685,0.1669,0.3192,0.2623,0.1469,50.0,50.0,50.0,4eck_g_O_V_r_7.csv,4eck,1,2,1,185.5
0.5019,0.2852,0.309,0.5074,-0.0935,7.0061,7.6568,6.3925,5.8124,6.3929,1.0034,0.5234,-0.6056,0.4191,1.2299,-5.4165,-6.6031,-5.015,-3.8861,-4.9202,0.7519,0.436,-1.1948,0.1854,1.9972,-0.3481,2.1015,-0.8458,-1.9901,-0.8242,0.1752,0.1657,0.2752,0.2332,0.1879,50.0,50.0,50.0,4eck_g_L_V_O_2.csv,4eck,1,2,1,185.5
0.5085,-0.2213,0.4701,0.267,-0.1352,6.9572,7.5452,6.5521,6.0361,6.4772,0.2749,-0.2633,-0.5595,0.5865,1.2027,-5.4361,-6.6455,-5.0728,-3.9635,-4.9859,0.8386,0.6216,-1.1965,0.2319,2.0251,-0.2995,2.1569,-0.8346,-1.9782,-0.7903,0.1634,0.1647,0.2923,0.2086,0.1618,50.0,50.0,50.0,4eck_g_L_V_O_10.csv,4eck,1,2,1,185.5
0.5414,-0.1612,0.3464,0.493,-0.0275,6.9721,7.8091,6.57,5.8463,6.6162,0.5326,-0.1913,-0.6253,0.5116,1.2762,-5.5042,-6.8196,-5.114,-3.9107,-5.0581,0.789,0.5668,-1.2141,0.1679,2.0051,-0.3002,2.2236,-0.8173,-1.9028,-0.7402,0.1598,0.1415,0.3074,0.2305,0.1528,50.0,50.0,50.0,4eck_g_L_V_O_9.csv,4eck,1,2,1,185.5
0.5499,0.7677,0.4107,0.4942,-0.1762,7.1498,7.962,6.496,6.0265,6.4981,0.4394,0.3172,-0.5628,0.7443,1.177,-5.5474,-6.9243,-5.0616,-4.0478,-4.9999,0.7503,0.2751,-1.1636,0.544,2.0129,-0.2835,2.2625,-0.81,-1.897,-0.7624,0.1561,0.2145,0.3117,0.2594,0.1463,50.0,50.0,50.0,4eck_g_L_V_O_7.csv,4eck,1,2,1,185.5
0.5405,0.7956,0.3161,0.6511,0.0714,6.8551,7.7677,6.3869,5.8598,6.5174,0.3593,0.4211,-0.6767,0.9236,1.361,-5.3559,-6.8057,-4.9881,-3.9236,-4.933,0.8589,0.2776,-1.1841,0.6244,2.0593,-0.3533,2.1955,-0.8787,-1.9594,-0.8227,0.166,0.225,0.2836,0.2248,0.1764,50.0,50.0,50.0,4eck_g_V_V_O_4.csv,4eck,1,2,1,185.5
0.4957,-0.2787,0.226,-0.0991,0.1881,7.0266,7.6873,6.5566,5.886,6.4957,0.3176,-0.1457,-0.6923,0.3795,1.4274,-5.457,-6.7112,-5.061,-3.938,-4.9469,0.7105,0.5144,-1.2431,0.1759,1.9954,-0.3516,2.134,-0.9036,-1.9522,-0.8357,0.1624,0.1381,0.2748,0.2367,0.1719,50.0,50.0,50.0,4eck_g_V_V_O_3.csv,4eck,1,2,1,185.5
0.5105,0.4231,0.3271,0.6052,0.0636,7.0122,7.6674,6.4466,5.9188,6.6317,0.271,0.2861,-0.6446,0.5637,1.322,-5.4452,-6.6225,-5.0343,-3.9281,-5.106,0.802,0.5856,-1.1489,0.57,2.1046,-0.3345,2.1664,-0.8128,-1.9541,-0.7644,0.1566,0.176,0.3011,0.241,0.1481,50.0,50.0,50.0,4eck_g_V_V_O_5.csv,4eck,1,2,1,185.5
0.5244,0.7325,0.3062,0.7109,0.1148,7.036,7.6172,6.43,5.8533,6.5978,0.2193,0.0677,-0.727,0.6264,1.3705,-5.4994,-6.6863,-5.0859,-3.9688,-5.066,0.747,0.1884,-1.2233,0.1398,2.0318,-0.3312,2.1904,-0.819,-1.9086,-0.7611,0.1598,0.2049,0.3104,0.2135,0.146,50.0,50.0,50.0,4eck_g_V_V_O_7.csv,4eck,1,2,1,185.5
0.7045,0.731,0.3859,0.6308,0.2087,7.9814,9.1913,7.3358,6.6398,7.4195,1.2987,0.8602,-0.6609,0.8044,1.703,-6.1571,-7.896,-5.6194,-4.2533,-5.5986,0.4549,0.3096,-1.7062,0.4309,2.4632,-0.273,2.4238,-1.1516,-2.6233,-1.0671,0.3104,0.2698,0.2336,0.2785,0.2738,91.0,53.33,30.0,3eck_L_U_1.csv,3eck,2,2,1,443.8
0.6524,-0.2155,0.5276,0.786,0.015,8.1869,9.162,7.5669,6.4345,7.5233,0.5897,-0.1432,-0.5931,0.936,1.584,-6.3299,-7.911,-5.8616,-4.2302,-5.759,0.4553,0.4687,-1.6616,0.1764,2.5648,-0.2468,2.5184,-1.0154,-2.5407,-1.002,0.2931,0.219,0.2774,0.2564,0.2496,91.0,53.33,30.0,3eck_L_U_2.csv,3eck,2,2,1,443.8
0.6577,0.359,0.4052,0.6337,0.141,8.1057,9.4911,7.5979,6.5953,7.6844,1.2363,0.7294,-0.7533,0.7263,1.7204,-6.2712,-8.2801,-5.8682,-4.3215,-5.7934,0.5724,0.4939,-1.6527,0.3395,2.6988,-0.2464,2.7038,-1.0011,-2.4084,-1.0152,0.2933,0.3153,0.3141,0.2011,0.2098,91.0,53.33,30.0,3eck_L_U_3.csv,3eck,2,2,1,443.8
0.6425,0.8294,0.6291,-0.1109,0.0531,8.0832,9.1626,7.5655,6.7598,7.6575,0.4631,0.4525,-0.6126,0.4875,1.4556,-6.2371,-7.9086,-5.8439,-4.4109,-5.8556,0.3742,0.0129,-1.7539,0.3483,2.4494,-0.1746,2.5781,-1.0573,-2.423,-0.9658,0.2921,0.2161,0.3063,0.2932,0.214,91.0,53.33,30.0,3eck_L_U_4.csv,3eck,2,2,1,443.8
0.6203,0.8589,0.4956,-0.0557,0.0323,8.2514,9.427,7.8971,6.6882,7.6548,0.53,0.1947,-0.5451,0.5683,1.4332,-6.4038,-8.2206,-6.0128,-4.4167,-5.8564,0.6521,0.2608,-1.5353,0.3631,2.6137,-0.1402,2.7947,-0.8745,-2.4233,-0.8952,0.2822,0.3254,0.3653,0.1761,0.1595,91.0,53.33,30.0,3eck_L_U_5.csv,3eck,2,2,1,443.8
0.7023,0.8914,0.6333,0.6963,0.0546,8.2588,9.3793,7.7804,7.0092,7.7136,1.2075,0.661,-0.4634,0.6123,1.4309,-6.3866,-8.1241,-6.1132,-4.6127,-5.8818,0.4847,0.1255,-1.6946,0.1644,2.5591,-0.0429,2.7564,-0.8661,-2.308,-0.8986,0.271,0.2599,0.3656,0.2376,0.1492,91.0,53.33,30.0,3eck_L_U_6.csv,3eck,2,2,1,443.8
0.7123,0.5272,0.6288,-0.163,0.1469,8.2333,9.4342,7.6301,6.9295,7.9606,0.806,0.3825,-0.5534,0.4352,1.4709,-6.3608,-8.1538,-6.0333,-4.513,-6.0836,0.3965,0.2543,-1.8514,0.3005,2.4797,-0.039,2.7584,-0.9357,-2.4121,-0.7675,0.2767,0.1524,0.3742,0.3012,0.1373,91.0,53.33,30.0,3eck_L_U_7.csv,3eck,2,2,1,443.8
0.7113,-0.0405,0.4682,0.7355,-0.1722,8.0959,9.2682,7.5124,6.7588,7.855,0.5504,0.1331,-0.6265,0.5369,1.1606,-6.3433,-8.199,-5.8589,-4.3225,-5.9482,0.2891,0.2358,-1.8632,-0.0508,2.3552,-0.1184,2.7546,-1.0336,-2.5676,-0.8814,0.2713,0.0924,0.3222,0.3971,0.1811,53.33,91.0,30.0,3eck_L_L_1.csv,3eck,2,2,1,443.8
0.6563,-0.2365,0.5617,0.1721,0.0488,8.0846,9.4487,7.5627,6.8451,7.6905,0.6648,-0.0316,-0.5653,0.6676,1.3766,-6.2339,-8.2015,-5.8661,-4.3944,-5.9014,0.3343,0.4219,-1.7606,0.4903,2.5385,-0.1039,2.71,-1.0556,-2.4556,-0.9236,0.2793,0.1374,0.3183,0.2928,0.1944,53.33,91.0,30.0,3eck_L_L_2.csv,3eck,2,2,1,443.8
0.6607,0.697,0.4568,0.7785,-0.0871,8.0668,9.2283,7.5161,6.3358,7.5005,1.0883,0.1475,-0.5655,0.5674,1.1936,-6.2413,-8.1415,-5.7804,-4.1877,-5.7563,0.458,0.0715,-1.6537,0.5154,2.4732,-0.2879,2.6243,-1.1116,-2.5613,-0.9819,0.2814,0.2446,0.2651,0.2885,0.2325,53.33,91.0,30.0,3eck_L_L_3.csv,3eck,2,2,1,443.8
0.6666,0.889,0.4933,-0.0776,0.1744,8.384,9.4135,7.7923,7.0277,7.9325,0.6261,0.4474,-0.5953,0.5373,1.3581,-6.5111,-8.2554,-6.1093,-4.5842,-6.1166,0.4741,0.0766,-1.7509,0.3594,2.6676,-0.0214,2.8186,-0.8982,-2.3534,-0.7143,0.2647,0.2582,0.3689,0.2346,0.1269,53.33,91.0,30.0,3eck_L_L_4.csv,3eck,2,2,1,443.8
0.6082,-0.1445,0.585,0.6746,0.1624,8.1949,9.0667,7.387,6.7178,7.4511,1.1269,0.3862,-0.4118,0.769,1.3999,-6.2656,-7.8904,-5.7531,-4.1993,-5.6183,0.5594,0.5536,-1.544,0.6184,2.6257,-0.2373,2.562,-1.1127,-2.6998,-1.0899,0.2957,0.2532,0.2356,0.2316,0.2433,53.33,91.0,30.0,3eck_L_L_5.csv,3eck,2,2,1,443.8
0.6375,0.042,0.3539,-0.0656,0.1751,8.295,9.3958,7.7403,6.9712,7.6392,0.9479,0.6056,-0.6439,0.4573,1.4213,-6.3842,-8.1699,-5.9839,-4.3555,-5.8269,0.5513,0.5552,-1.6433,0.3765,2.696,-0.209,2.6787,-1.0342,-2.6068,-1.0244,0.2826,0.2335,0.3049,0.1903,0.1867,53.33,91.0,30.0,3eck_L_L_6.csv,3eck,2,2,1,443.8
0.6593,0.7484,0.7174,0.6254,0.1435,8.29,9.4287,7.7645,6.8281,7.7832,1.1217,0.5642,-0.3581,0.6134,1.3753,-6.389,-8.2025,-6.0437,-4.529,-5.9566,0.5491,0.1667,-1.5688,0.3691,2.6621,-0.1691,2.7966,-0.91,-2.2751,-0.8656,0.2649,0.3116,0.3715,0.2093,0.1108,53.33,91.0,30.0,3eck_L_L_7.csv,3eck,2,2,1,443.8
0.4917,0.7134,0.6001,0.7886,-0.1801,6.6862,7.3083,6.1028,5.8778,6.2646,0.5811,0.3521,-0.2291,0.6987,0.8757,-5.1306,-6.3228,-4.7557,-3.8963,-4.8254,0.343,0.1271,-0.9115,0.1631,1.9223,-0.2159,2.0017,-0.8957,-1.8815,-0.7896,0.2784,0.245,0.2967,0.217,0.1879,50.0,31.75,25.0,Rechteck_L_U_1.csv,Rechteck,3,2,1,127.8
0.4746,-0.2284,0.5089,0.7748,-0.09,6.695,7.1289,6.1756,5.8943,6.2698,0.9601,0.6013,-0.3566,0.7251,0.9611,-5.1268,-6.1006,-4.7743,-3.8657,-4.8179,0.3189,0.4996,-1.0298,0.392,1.8957,-0.2349,1.958,-0.9005,-1.8662,-0.7962,0.2682,0.1754,0.2966,0.2705,0.1839,50.0,31.75,25.0,Rechteck_L_U_2.csv,Rechteck,3,2,1,127.8
0.4807,0.8454,0.2004,-0.084,0.1595,6.5933,7.2056,6.1774,5.6903,6.2768,0.8523,0.5116,-0.5646,0.5204,1.1451,-5.0912,-6.1486,-4.8365,-3.8009,-4.7575,0.2903,0.056,-1.0879,0.2426,1.8921,-0.3289,1.9876,-0.9121,-1.8641,-0.8021,0.2782,0.2267,0.2974,0.2394,0.1862,50.0,31.75,25.0,Rechteck_L_U_3.csv,Rechteck,3,2,1,127.8
0.4836,0.238,0.4045,0.4733,-0.0884,6.6019,7.2357,6.0869,5.8594,6.2886,0.9558,0.6089,-0.4057,0.6873,0.9576,-5.1278,-6.2553,-4.7616,-3.8639,-4.8203,0.3353,0.5036,-1.0035,0.5753,1.9325,-0.3162,2.0243,-0.8868,-1.8444,-0.7915,0.2668,0.1985,0.2956,0.2167,0.1784,50.0,31.75,25.0,Rechteck_L_U_4.csv,Rechteck,3,2,1,127.8
0.4955,0.7719,0.4641,0.2501,-0.113,6.6091,7.3846,6.1806,5.8074,6.3011,0.4288,0.32,-0.3585,0.5753,0.9333,-5.0986,-6.3231,-4.8125,-3.8855,-4.8353,0.3233,0.0985,-1.0116,0.2838,1.9043,-0.2513,2.0508,-0.8608,-1.8488,-0.7765,0.2732,0.2305,0.3047,0.2233,0.1865,50.0,31.75,25.0,Rechteck_L_U_5.csv,Rechteck,3,2,1,127.8
0.5524,-0.1933,0.3317,0.8537,0.1864,6.5837,7.2092,6.2114,5.7069,6.2845,0.5365,-0.1292,-0.4986,0.5931,1.1338,-5.0908,-6.1721,-4.82,-3.8386,-4.8529,0.3186,0.3415,-1.0601,0.1766,1.9446,-0.2653,2.0009,-0.8911,-1.8419,-0.7884,0.2731,0.1774,0.2989,0.2761,0.1804,50.0,31.75,25.0,Rechteck_L_U_6.csv,Rechteck,3,2,1,127.8
0.4483,0.5511,0.6496,0.2231,0.1088,6.6259,7.127,6.1175,5.7604,6.2162,0.827,0.4317,-0.2075,0.5582,1.0752,-5.1501,-6.1231,-4.8203,-3.7945,-4.7242,0.2648,0.2904,-1.0143,0.151,1.8668,-0.2453,1.9801,-0.8501,-1.7613,-0.7992,0.2746,0.1923,0.3005,0.2392,0.1797,50.0,31.75,25.0,Rechteck_L_U_7.csv,Rechteck,3,2,1,127.8
0.516,0.6344,0.3576,0.0363,0.001,6.598,7.2304,6.299,5.8599,6.2214,0.6114,-0.02,-0.5408,0.5489,0.9784,-5.0835,-6.1716,-4.8363,-3.8723,-4.7709,0.3164,0.0903,-1.0599,0.2474,1.8894,-0.3346,1.9803,-0.8943,-1.821,-0.8099,0.2684,0.2356,0.2775,0.2217,0.1861,31.75,50.0,25.0,Rechteck_L_L_1.csv,Rechteck,3,2,1,127.8
0.5481,0.732,0.3435,0.837,-0.0515,6.6366,7.1437,6.1922,5.7578,6.2408,1.0658,0.5991,-0.4843,0.6949,0.9288,-5.1293,-6.2014,-4.821,-3.8163,-4.8084,0.2878,0.0604,-1.0546,0.3112,1.8988,-0.2997,1.9829,-0.8729,-1.8726,-0.7743,0.2648,0.246,0.2945,0.2792,0.1742,31.75,50.0,25.0,Rechteck_L_L_2.csv,Rechteck,3,2,1,127.8
0.522,-0.2317,0.5033,0.7913,-0.0905,6.734,7.1167,6.2729,5.4577,6.2767,0.9889,0.5087,-0.4033,0.5982,0.91,-5.1569,-6.2023,-4.9043,-3.7517,-4.8041,0.3088,0.4716,-1.0557,0.1655,1.8945,-0.2413,2.0093,-0.8296,-1.8265,-0.8146,0.2651,0.1799,0.3021,0.2685,0.1695,31.75,50.0,25.0,Rechteck_L_L_3.csv,Rechteck,3,2,1,127.8
0.4526,0.8212,0.4935,0.7004,-0.0651,6.605,7.249,6.1292,6.0064,6.2164,0.3501,0.2934,-0.3604,0.5869,0.9632,-5.0446,-6.3366,-4.7884,-3.9346,-4.7405,0.3011,0.0823,-1.0098,0.1464,1.9037,-0.3455,2.0241,-0.8708,-1.8943,-0.8484,0.2684,0.2551,0.2784,0.2268,0.1856,31.75,50.0,25.0,Rechteck_L_L_4.csv,Rechteck,3,2,1,127.8
0.4883,0.5917,0.3746,0.6942,0.0341,6.6825,7.35,6.083,5.9024,6.1729,0.3262,-0.1778,-0.5078,0.5857,1.034,-5.1279,-6.3513,-4.8007,-3.9369,-4.7446,0.3022,0.0985,-1.0366,0.1862,1.9123,-0.1824,2.0315,-0.8509,-1.8807,-0.8044,0.2672,0.2559,0.2888,0.2639,0.1779,31.75,50.0,25.0,Rechteck_L_L_5.csv,Rechteck,3,2,1,127.8
0.4616,0.6768,0.3776,0.8236,0.2486,6.757,7.2272,6.153,5.7564,6.2738,0.3431,0.1755,-0.4635,0.5753,1.1835,-5.1672,-6.3275,-4.8112,-3.9734,-4.8031,0.3104,0.1231,-1.0249,0.275,1.9365,-0.2467,2.0354,-0.8513,-1.7278,-0.792,0.2537,0.2489,0.2956,0.2654,0.1685,31.75,50.0,25.0,Rechteck_L_L_6.csv,Rechteck,3,2,1,127.8
0.529,0.8241,0.5004,0.3527,0.0949,6.6906,7.4645,6.1611,5.9989,6.3328,0.9869,0.548,-0.4157,0.4453,1.036,-5.0814,-6.4177,-4.8279,-3.9446,-4.8408,0.3166,0.0801,-1.0317,0.1629,1.915,-0.2515,2.0618,-0.889,-1.901,-0.7989,0.2561,0.2457,0.296,0.2255,0.1581,31.75,50.0,25.0,Rechteck_L_L_7.csv,Rechteck,3,2,1,127.8
0.4185,0.9435,0.5255,0.6752,0.3179,6.6167,7.3152,6.2193,5.6743,6.2301,0.9056,0.6062,-0.3738,0.5589,1.2189,-5.0879,-6.2572,-4.8883,-3.8062,-4.7695,0.314,0.0956,-1.04,0.5713,1.9394,-0.2629,2.0014,-0.8687,-1.8868,-0.8044,0.2563,0.2397,0.2878,0.2608,0.1696,25.0,31.75,50.0,Rechteck_H_L_U_1.csv,Rechteck,3,2,1,127.8
0.4301,0.0163,0.4715,0.7383,-0.0251,6.6382,7.2997,6.1863,5.956,6.3496,0.3545,0.1876,-0.4667,0.6785,0.9951,-5.144,-6.3583,-4.8408,-3.8874,-4.8882,0.2893,0.4807,-1.0538,0.1699,1.9126,-0.1501,2.0193,-0.8807,-1.9165,-0.8062,0.2584,0.177,0.2963,0.2346,0.1797,25.0,31.75,50.0,Rechteck_H_L_U_2.csv,Rechteck,3,2,1,127.8
0.3934,0.8418,0.4813,0.7592,0.0601,6.6498,7.2284,6.1157,5.8158,6.2202,0.85,0.46,-0.4179,0.6674,1.0501,-5.1228,-6.1794,-4.7769,-3.8639,-4.8182,0.3026,0.0918,-1.0508,0.4229,1.9156,-0.3212,1.9673,-0.8877,-1.8978,-0.8121,0.2536,0.2243,0.2962,0.261,0.1677,25.0,31.75,50.0,Rechteck_H_L_U_3.csv,Rechteck,3,2,1,127.8
0.4638,-0.1546,0.5106,0.6683,-0.0605,6.5752,7.3796,6.3046,5.6234,6.1932,0.8593,0.3804,-0.4227,0.7177,0.9893,-5.0818,-6.2756,-4.8736,-3.7721,-4.7936,0.2958,0.5096,-1.0318,0.5317,1.908,-0.1474,2.0263,-0.8666,-1.8824,-0.7868,0.2577,0.1782,0.2899,0.2293,0.1809,31.75,25.0,50.0,Rechteck_H_L_L_1.csv,Rechteck,3,2,1,127.8
0.4445,-0.3819,0.2212,-0.0847,0.1229,6.5841,7.1889,6.1656,5.7034,6.2298,0.91,0.4154,-0.6166,0.4881,1.1387,-5.0847,-6.1873,-4.7758,-3.8522,-4.8059,0.3095,0.5677,-1.0457,0.1619,1.9326,-0.3089,1.9961,-0.9128,-1.78,-0.8454,0.248,0.1711,0.2883,0.215,0.1778,31.75,25.0,50.0,Rechteck_H_L_L_2.csv,Rechteck,3,2,1,127.8
0.4886,0.8958,0.5177,0.7717,0.0238,6.7562,7.3569,6.3641,5.8159,6.2461,0.4354,0.3694,-0.469,0.6999,0.9924,-5.162,-6.3431,-4.9193,-3.8663,-4.7509,0.2991,0.0948,-1.0584,0.4569,1.8632,-0.2898,2.0359,-0.8551,-1.8786,-0.8657,0.2625,0.2166,0.2934,0.262,0.1727,31.75,25.0,50.0,Rechteck_H_L_L_3.csv,Rechteck,3,2,1,127.8
0.4018,0.7379,0.3863,0.6272,0.018,6.7026,7.2644,6.1849,5.7002,6.1231,0.8339,0.5649,-0.5172,0.7284,1.0811,-5.1223,-6.2662,-4.8617,-3.799,-4.7663,0.3137,0.3423,-1.0299,0.4625,1.9429,-0.3736,2.0162,-0.867,-1.8991,-0.8281,0.2536,0.2106,0.2826,0.2192,0.1722,50.0,25.0,31.75,Rechteck_V_L_U_1.csv,Rechteck,3,2,1,127.8
0.4616,0.5963,0.5574,0.5921,0.0128,6.6496,7.4242,6.1374,5.7792,6.1816,0.3621,0.2681,-0.3651,0.4803,1.0769,-5.1119,-6.2324,-4.8181,-3.8631,-4.7718,0.3082,0.4757,-0.9692,0.164,1.8902,-0.3433,2.0187,-0.86,-1.8928,-0.8296,0.2461,0.2336,0.2903,0.2184,0.1697,50.0,25.0,31.75,Rechteck_V_L_U_2.csv,Rechteck,3,2,1,127.8
0.3976,0.3375,0.3819,0.273,0.1395,6.6888,7.2194,6.0784,5.8215,6.2626,0.5927,0.2797,-0.5169,0.4677,1.1069,-5.1416,-6.2679,-4.7666,-3.8394,-4.7786,0.2647,0.3286,-1.0238,0.1565,1.8864,-0.3383,2.0451,-0.9074,-1.8919,-0.813,0.243,0.1878,0.2851,0.234,0.1675,50.0,25.0,31.75,Rechteck_V_L_U_3.csv,Rechteck,3,2,1,127.8
0.4781,0.4994,0.5442,0.6523,0.0234,6.519,7.1599,6.2584,5.9455,6.2094,0.9665,0.4927,-0.416,0.6694,1.0788,-5.0191,-6.2614,-4.8767,-3.8345,-4.7717,0.325,0.1018,-1.0673,0.4016,1.893,-0.3997,1.994,-0.9133,-1.9268,-0.8357,0.254,0.2017,0.2719,0.2469,0.1786,25.0,50.0,31.75,Rechteck_V_L_L_1.csv,Rechteck,3,2,1,127.8
0.4661,0.0567,0.2324,-0.1168,0.0122,6.7095,7.2372,6.23,5.5384,6.2521,0.4193,0.0237,-0.6621,0.4098,1.0868,-5.1401,-6.2495,-4.9024,-3.7106,-4.7707,0.3447,0.4259,-1.1067,0.2183,1.9257,-0.3238,2.0319,-0.8812,-1.8917,-0.8161,0.2436,0.1909,0.2852,0.2116,0.1766,25.0,50.0,31.75,Rechteck_V_L_L_2.csv,Rechteck,3,2,1,127.8
0.5154,0.2498,0.5131,-0.026,0.0447,6.713,7.2943,6.1733,5.9269,6.3131,0.7706,0.3333,-0.4718,0.4605,1.13,-5.1636,-6.2545,-4.861,-3.9637,-4.8236,0.3643,0.2723,-1.0627,0.168,1.949,-0.2713,2.0415,-0.8405,-1.8915,-0.845,0.2385,0.1931,0.2849,0.213,0.1597,25.0,50.0,31.75,Rechteck_V_L_L_3.csv,Rechteck,3,2,1,127.8
0.4203,0.8526,0.5515,0.7434,0.1205,6.2647,6.8012,5.8775,5.6033,5.9395,0.2992,0.214,-0.3091,0.5533,1.0946,-4.7957,-5.9021,-4.5814,-3.7094,-4.5345,0.3053,0.126,-0.8285,0.2671,1.8021,-0.3836,1.8647,-0.8367,-1.7485,-0.7975,0.2512,0.2536,0.2828,0.2383,0.1783,87.5,47.5,20.0,Lumi_L_U_1.csv,Lumi L,4,2,2,51.7
0.4487,0.7673,0.4813,0.2492,0.0625,6.3212,6.8129,5.7882,5.3586,5.9025,0.8071,0.4961,-0.4095,0.5055,1.0831,-4.8321,-5.8387,-4.5521,-3.6433,-4.5082,0.2749,0.116,-0.8834,0.1771,1.7614,-0.3423,1.8509,-0.8518,-1.7508,-0.7972,0.2523,0.2393,0.2772,0.2076,0.1742,87.5,47.5,20.0,Lumi_L_U_2.csv,Lumi L,4,2,2,51.7
0.4531,-0.2807,0.1567,0.7304,0.0618,6.2862,6.8636,5.7906,5.5894,5.9302,0.8619,0.1831,-0.6476,0.6978,1.0544,-4.8509,-5.8497,-4.5375,-3.7099,-4.5382,0.2864,0.5519,-0.9248,0.1408,1.7768,-0.3376,1.851,-0.8748,-1.6766,-0.7829,0.253,0.1691,0.2836,0.2227,0.1702,87.5,47.5,20.0,Lumi_L_U_3.csv,Lumi L,4,2,2,51.7
0.4376,0.655,0.5019,-0.0489,0.0859,6.2462,6.7454,5.8221,5.5389,5.9638,0.7782,0.3616,-0.3913,0.3357,1.064,-4.7811,-5.7475,-4.5769,-3.7211,-4.5691,0.253,0.0639,-0.912,0.1506,1.7336,-0.3658,1.84,-0.8495,-1.7439,-0.7586,0.2545,0.2274,0.2827,0.2302,0.1779,87.5,47.5,20.0,Lumi_L_U_4.csv,Lumi L,4,2,2,51.7
0.4384,0.8708,0.4194,0.4369,-0.0505,6.2403,6.8351,5.8245,5.5406,6.0219,0.97,0.6091,-0.4074,0.5825,0.9833,-4.7603,-5.8592,-4.5782,-3.7488,-4.58,0.3099,0.1286,-0.899,0.2921,1.7691,-0.374,1.8708,-0.8357,-1.7342,-0.7603,0.2522,0.2472,0.2861,0.2377,0.1695,87.5,47.5,20.0,Lumi_L_U_5.csv,Lumi L,4,2,2,51.7
0.4448,0.7727,0.3503,0.17,0.055,6.2753,6.947,5.8554,5.4259,5.8388,0.3695,-0.0515,-0.463,0.4168,1.0853,-4.8193,-5.9378,-4.5786,-3.721,-4.517,0.296,0.1342,-0.9146,0.1891,1.778,-0.3369,1.8926,-0.8538,-1.7121,-0.8026,0.2526,0.2428,0.288,0.2276,0.1693,87.5,47.5,20.0,Lumi_L_U_6.csv,Lumi L,4,2,2,51.7
0.4381,-0.0508,0.3202,0.119,-0.0397,6.2808,6.7081,5.8067,5.5917,5.9596,0.4102,-0.1489,-0.475,0.5178,1.0182,-4.7764,-5.8209,-4.5468,-3.7511,-4.5413,0.3058,0.2518,-0.9049,0.4179,1.7596,-0.3129,1.8473,-0.8514,-1.7266,-0.7942,0.2486,0.1863,0.2809,0.2176,0.1687,87.5,47.5,20.0,Lumi_L_U_7.csv,Lumi L,4,2,2,51.7
0.4246,-0.1129,0.4525,-0.0661,0.0258,6.3894,6.7037,5.7131,5.6827,5.9052,0.3749,-0.0273,-0.4107,0.2888,1.05,-4.8918,-5.7368,-4.5082,-3.7882,-4.546,0.2688,0.4032,-0.9093,0.1495,1.7517,-0.3633,1.839,-0.847,-1.7397,-0.7982,0.2574,0.1705,0.2831,0.2172,0.1662,87.5,47.5,20.0,Lumi_L_U_8.csv,Lumi L,4,2,2,51.7
0.4135,0.5731,0.5045,0.0901,-0.0707,6.3343,6.893,5.8078,5.527,5.9409,0.3425,0.3646,-0.349,0.6509,0.9847,-4.829,-5.8584,-4.5561,-3.7064,-4.5526,0.2582,0.3725,-0.9091,0.2373,1.7154,-0.3607,1.8908,-0.8276,-1.6527,-0.7596,0.2503,0.2201,0.2886,0.223,0.1707,87.5,47.5,20.0,Lumi_L_U_9.csv,Lumi L,4,2,2,51.7
0.4264,0.7544,0.4595,-0.0858,0.045,6.3165,6.8626,5.9413,5.6424,6.0129,0.8303,0.5462,-0.3672,0.5111,1.1337,-4.8109,-5.8613,-4.6672,-3.7765,-4.5918,0.3319,0.1355,-0.889,0.2004,1.7917,-0.3899,1.8578,-0.8085,-1.6427,-0.7619,0.2553,0.231,0.2923,0.1923,0.1664,87.5,47.5,20.0,Lumi_L_U_10.csv,Lumi L,4,2,2,51.7
0.5327,0.8598,0.436,0.4686,0.1236,6.2579,6.6646,6.051,5.6885,5.9781,0.8904,0.5325,-0.438,0.4644,1.1431,-4.8176,-5.8446,-4.6454,-3.9005,-4.5506,0.3046,0.1044,-0.897,0.4491,1.7646,-0.4087,1.8803,-0.8431,-1.6876,-0.7801,0.2482,0.2207,0.2821,0.2452,0.1647,87.5,47.5,20.0,Lumi_L_U_11.csv,Lumi L,4,2,2,51.7
0.5114,0.8669,0.3259,0.7328,0.213,6.3678,6.7216,5.9013,5.4558,5.9135,0.8378,0.5434,-0.4472,0.7361,1.205,-4.9007,-5.8832,-4.6041,-3.736,-4.5969,0.3086,0.1035,-0.9058,0.5918,1.7721,-0.4149,1.8881,-0.8302,-1.6146,-0.744,0.2478,0.2308,0.2887,0.2525,0.1634,87.5,47.5,20.0,Lumi_L_U_12.csv,Lumi L,4,2,2,51.7
0.3744,-0.1607,0.2747,0.7133,0.2066,6.3614,6.7813,5.8011,5.5844,6.004,0.6258,0.2097,-0.563,0.4208,1.1863,-4.862,-5.8301,-4.6003,-3.806,-4.5831,0.2779,0.5259,-0.9574,0.3813,1.7481,-0.3991,1.8784,-0.8065,-1.6919,-0.7591,0.2495,0.1581,0.2793,0.2618,0.1625,87.5,47.5,20.0,Lumi_L_U_13.csv,Lumi L,4,2,2,51.7
0.546,-0.0951,0.3598,0.7197,0.0408,6.1578,6.7987,5.8492,5.4901,5.8783,0.8269,0.1723,-0.4676,0.5232,1.0793,-4.662,-5.8594,-4.5899,-3.6796,-4.4966,0.2914,0.4702,-0.9254,0.2593,1.7385,-0.4666,1.9071,-0.8855,-1.6832,-0.8132,0.2512,0.1738,0.2692,0.2611,0.1804,47.5,87.5,20.0,Lumi_L_L_1.csv,Lumi L,4,2,2,51.7
0.6241,0.3624,0.4044,0.2949,0.1191,6.3167,7.0819,5.8594,5.4314,5.89,0.7043,0.3815,-0.4143,0.6306,1.1434,-4.7923,-5.9943,-4.5773,-3.7839,-4.5636,0.3379,0.3699,-0.9014,0.1538,1.7544,-0.4622,1.8855,-0.8619,-1.5854,-0.7242,0.2453,0.1815,0.2798,0.2193,0.1734,47.5,87.5,20.0,Lumi_L_L_2.csv,Lumi L,4,2,2,51.7
0.5042,-0.0738,0.4032,0.2032,0.1559,6.2534,6.7353,5.9091,5.524,5.9946,1.0111,0.4428,-0.3911,0.3349,1.1823,-4.8358,-5.8392,-4.6018,-3.7567,-4.5302,0.3017,0.4823,-0.9033,0.1362,1.77,-0.4019,1.9104,-0.8194,-1.7223,-0.7697,0.2472,0.1839,0.2803,0.2177,0.175,47.5,87.5,20.0,Lumi_L_L_3.csv,Lumi L,4,2,2,51.7
0.5141,0.6252,0.4603,-0.0137,0.1245,6.2916,6.7715,5.8337,5.6882,5.9668,0.3195,0.1726,-0.3925,0.2943,1.1479,-4.8814,-5.9436,-4.5548,-3.8331,-4.5789,0.3191,0.0965,-0.8986,0.1483,1.7749,-0.4106,1.9657,-0.8427,-1.7284,-0.7699,0.2351,0.2251,0.2937,0.2111,0.1516,47.5,87.5,20.0,Lumi_L_L_4.csv,Lumi L,4,2,2,51.7
0.5233,0.7397,0.4896,-0.177,0.0699,6.2007,6.835,5.8299,5.5942,5.9174,0.9974,0.5908,-0.382,0.4276,1.125,-4.6711,-5.8244,-4.5545,-3.7,-4.5356,0.2999,0.1003,-0.9064,0.2814,1.785,-0.514,1.8756,-0.8993,-1.8233,-0.8565,0.2534,0.2077,0.2636,0.2105,0.1831,47.5,87.5,20.0,Lumi_L_L_5.csv,Lumi L,4,2,2,51.7
0.4556,0.2987,0.426,-0.0654,0.0623,6.2954,6.9652,5.8072,5.5394,5.9464,0.3641,0.4114,-0.4155,0.3855,1.1023,-4.7674,-5.9929,-4.5471,-3.7511,-4.542,0.3053,0.4482,-0.9062,0.5008,1.7598,-0.504,1.9153,-0.8548,-1.7893,-0.8252,0.2477,0.1745,0.2767,0.2159,0.1796,47.5,87.5,20.0,Lumi_L_L_6.csv,Lumi L,4,2,2,51.7
0.481,0.8513,0.475,-0.0539,0.0936,6.2013,6.7153,6.0131,5.7063,5.9376,0.7538,0.6151,-0.3561,0.387,1.1501,-4.8112,-5.9719,-4.697,-3.8635,-4.539,0.3044,0.125,-0.9073,0.3001,1.7492,-0.4935,1.9352,-0.8194,-1.7471,-0.7754,0.2492,0.2062,0.2805,0.2155,0.1695,47.5,87.5,20.0,Lumi_L_L_7.csv,Lumi L,4,2,2,51.7
0.485,0.7649,0.447,-0.0483,-0.039,6.2308,6.9505,5.8905,5.5852,5.9671,0.6652,0.4746,-0.4085,0.4088,1.0365,-4.8191,-5.8641,-4.5786,-3.8377,-4.5446,0.3024,0.1078,-0.8956,0.1603,1.7457,-0.4045,1.9049,-0.8639,-1.7339,-0.839,0.2486,0.2316,0.2795,0.2085,0.1592,47.5,87.5,20.0,Lumi_L_L_8.csv,Lumi L,4,2,2,51.7
0.5316,0.8205,0.5792,0.3705,0.0728,6.3613,6.719,5.944,5.638,6.0175,0.6964,0.396,-0.2899,0.4628,1.1167,-4.8937,-5.8884,-4.6297,-3.7803,-4.5683,0.3029,0.0967,-0.8941,0.2203,1.7623,-0.4187,1.8915,-0.788,-1.6226,-0.7558,0.244,0.2261,0.2864,0.2195,0.1587,47.5,87.5,20.0,Lumi_L_L_9.csv,Lumi L,4,2,2,51.7
0.503,0.2135,0.2907,0.555,0.0608,6.2275,6.8225,5.9536,5.5037,5.9244,0.9769,0.5906,-0.5338,0.5607,1.1376,-4.7327,-5.7748,-4.5576,-3.6614,-4.5094,0.2875,0.3915,-0.9091,0.3465,1.7565,-0.4087,1.84,-0.9234,-1.8265,-0.8294,0.2489,0.1895,0.2595,0.2167,0.184,47.5,87.5,20.0,Lumi_L_L_10.csv,Lumi L,4,2,2,51.7
0.4748,0.8678,0.5118,0.5651,-0.0282,6.2594,6.8347,5.876,5.701,5.9595,0.7093,0.5069,-0.3408,0.7337,1.0406,-4.8193,-5.8758,-4.5911,-3.8004,-4.5237,0.3127,0.1037,-0.8705,0.5685,1.7427,-0.4833,1.9051,-0.8412,-1.7531,-0.7961,0.2523,0.2299,0.2767,0.246,0.1712,47.5,87.5,20.0,Lumi_L_L_11.csv,Lumi L,4,2,2,51.7
0.5163,0.8472,0.5173,0.6832,0.1026,6.3138,6.9045,5.9399,5.6875,5.9562,0.354,0.3263,-0.3301,0.5204,1.154,-4.8234,-5.8408,-4.6162,-3.8022,-4.5843,0.3216,0.1205,-0.8738,0.1754,1.7879,-0.4452,1.8766,-0.8559,-1.6392,-0.8056,0.2508,0.2303,0.2785,0.2155,0.1712,47.5,87.5,20.0,Lumi_L_L_12.csv,Lumi L,4,2,2,51.7
0.5292,0.7248,0.4761,0.6392,-0.0298,6.3364,6.7772,5.8747,5.5118,5.9792,0.3879,0.4199,-0.3849,0.6628,1.0718,-4.8934,-5.8434,-4.5975,-3.7261,-4.5547,0.315,0.1673,-0.8851,0.2877,1.7692,-0.4578,1.9228,-0.8284,-1.7521,-0.7619,0.2448,0.2269,0.2887,0.2243,0.1589,47.5,87.5,20.0,Lumi_L_L_13.csv,Lumi L,4,2,2,51.7
0.393,0.505,0.3256,-0.0604,0.1419,6.3991,6.7152,5.9198,5.5097,5.9412,0.796,0.3732,-0.4532,0.2701,1.2165,-4.8942,-5.8598,-4.625,-3.7378,-4.5428,0.2901,0.1128,-0.9042,0.2097,1.7808,0.7139,1.87,-0.8032,-1.6342,-0.7456,0.2501,0.2238,0.2703,0.2122,0.1784,47.5,20.0,87.5,Lumi_H_L_U_1.csv,Lumi L,4,2,2,51.7
0.4181,-0.137,0.3683,0.5993,0.1654,6.4589,6.698,5.7227,5.4791,5.8918,0.4383,0.4161,-0.456,0.73,1.2582,-4.9032,-5.6931,-4.5284,-3.7583,-4.5258,0.3033,0.5369,-0.9121,0.3906,1.7676,0.691,1.8335,-0.8766,-1.6742,-0.8521,0.2503,0.1727,0.2727,0.2381,0.1738,47.5,20.0,87.5,Lumi_H_L_U_2.csv,Lumi L,4,2,2,51.7
0.4747,0.3327,0.3495,0.2164,-0.0553,6.3332,6.5959,5.8325,5.3755,5.8817,0.3552,-0.0572,-0.4168,0.3545,1.0853,-4.8032,-5.7717,-4.5788,-3.7206,-4.5279,0.2975,0.2857,-0.9064,0.1853,1.7541,0.7092,1.8205,-0.8162,-1.7349,-0.7331,0.2493,0.2286,0.2763,0.2229,0.1705,47.5,20.0,87.5,Lumi_H_L_U_3.csv,Lumi L,4,2,2,51.7
0.3976,0.8557,0.455,0.7271,0.2812,6.2897,6.7563,5.8772,5.5919,5.9376,0.2173,0.5892,-0.3629,0.7658,1.3523,-4.7983,-5.9088,-4.6087,-3.806,-4.5157,0.2954,0.4498,-0.913,0.4976,1.7999,0.6928,1.8406,-0.8293,-1.6433,-0.7689,0.2477,0.2143,0.2746,0.2454,0.1754,20.0,47.5,87.5,Lumi_H_L_L_1.csv,Lumi L,4,2,2,51.7
0.391,0.771,0.5787,0.4859,0.2566,6.5354,6.79,5.8102,5.3802,5.9822,0.3965,0.4438,-0.3195,0.261,1.2985,-4.9,-5.785,-4.5835,-3.6471,-4.5548,0.2784,0.2227,-0.9014,0.1759,1.785,0.7128,1.8502,-0.818,-1.7591,-0.7529,0.2517,0.1884,0.2782,0.225,0.1699,20.0,47.5,87.5,Lumi_H_L_L_2.csv,Lumi L,4,2,2,51.7
0.3995,-0.2013,0.3828,0.8083,0.0124,6.4402,6.9867,5.7884,5.5549,5.9459,0.3131,-0.1817,-0.4263,0.6993,1.1681,-4.8365,-6.0159,-4.5615,-3.8297,-4.5397,0.3035,0.5279,-0.9092,0.168,1.7532,0.6675,1.9061,-0.8421,-1.63,-0.7846,0.2489,0.1817,0.2774,0.2179,0.1652,20.0,47.5,87.5,Lumi_H_L_L_3.csv,Lumi L,4,2,2,51.7
0.4808,0.7699,0.5487,0.6481,0.098,6.3641,6.7548,5.8403,5.2,5.9334,0.8105,0.5959,-0.3327,0.7589,1.2174,-4.8582,-5.9056,-4.6212,-3.6317,-4.5353,0.3135,0.5205,-0.883,0.2242,1.7776,0.729,1.8355,-0.8126,-1.7367,-0.7542,0.2471,0.1875,0.278,0.2062,0.1697,87.5,20.0,47.5,Lumi_V_L_U_1.csv,Lumi L,4,2,2,51.7
0.4325,0.6982,0.3331,-0.1516,0.1074,6.4793,6.7655,5.7493,5.3652,5.9781,0.482,0.4238,-0.4739,0.2729,1.239,-4.9537,-5.8341,-4.5872,-3.6986,-4.6058,0.3301,0.3916,-0.8963,0.249,1.8121,-0.4336,1.8253,-0.8356,-1.6395,-0.7854,0.243,0.1952,0.2754,0.2076,0.1806,87.5,20.0,47.5,Lumi_V_L_U_2.csv,Lumi L,4,2,2,51.7
0.2949,-0.1292,0.4645,0.7891,0.1517,6.2329,6.9146,5.8458,5.5161,5.9505,0.3664,-0.1304,-0.3739,0.7111,1.2355,-4.9553,-5.8944,-4.6138,-3.7497,-4.554,0.2487,0.1896,-0.8753,0.1928,1.755,-0.3693,1.8751,-0.794,-1.7504,-0.7366,0.2504,0.2081,0.2753,0.2447,0.1758,87.5,20.0,47.5,Lumi_V_L_U_3.csv,Lumi L,4,2,2,51.7
0.3188,0.577,0.3309,0.8272,-0.0902,6.3626,6.8397,5.8334,5.7561,5.8694,0.3938,0.0576,-0.448,0.7022,1.0752,-4.9938,-5.8494,-4.5761,-3.8733,-4.5379,0.2659,0.0951,-0.8803,0.179,1.736,-0.3788,1.857,-0.7981,-1.7516,-0.7415,0.2548,0.2376,0.2777,0.247,0.1769,87.5,20.0,47.5,Lumi_V_L_U_4.csv,Lumi L,4,2,2,51.7
0.2834,-0.2461,0.3228,0.5261,0.1276,6.2943,6.8259,5.7605,5.3932,5.9868,0.1736,-0.3067,-0.5108,0.7309,1.2372,-4.9329,-5.9411,-4.583,-3.6678,-4.582,0.2492,0.437,-0.9231,0.3802,1.7505,-0.4267,1.8771,-0.8596,-1.7815,-0.7635,0.2546,0.1782,0.2819,0.2388,0.175,87.5,20.0,47.5,Lumi_V_L_U_5.csv,Lumi L,4,2,2,51.7
0.3904,-0.1531,0.4394,0.0232,0.074,6.3783,6.8267,5.8317,5.4865,5.9373,0.1268,-0.3144,-0.4231,0.425,1.1941,-4.9277,-5.9162,-4.5944,-3.7837,-4.536,0.2622,0.4682,-0.9043,0.1872,1.7261,-0.4576,1.8804,-0.8132,-1.6166,-0.7731,0.1799,0.155,0.2802,0.2207,0.1681,87.5,20.0,47.5,Lumi_V_L_U_6.csv,Lumi L,4,2,2,51.7
0.4272,-0.2845,0.5142,-0.2204,0.0156,6.2334,6.7283,5.8554,5.5163,6.0031,0.4762,-0.2394,-0.4291,0.3894,1.1821,-4.8809,-5.696,-4.5922,-3.7458,-4.6204,0.2891,0.5348,-0.9049,0.4023,1.7634,-0.4457,1.8222,-0.8522,-1.7884,-0.7418,0.1721,0.1523,0.267,0.215,0.1788,20.0,87.5,47.5,Lumi_V_L_L_1.csv,Lumi L,4,2,2,51.7
0.3239,-0.2032,0.6107,0.176,0.0476,6.289,6.8826,5.9145,5.4986,5.9382,0.9643,0.0961,-0.3103,0.472,1.1949,-4.8941,-5.916,-4.6686,-3.6749,-4.568,0.297,0.1401,-0.9075,0.1574,1.7665,-0.4268,1.8712,-0.8213,-1.7916,-0.7801,0.1749,0.1716,0.271,0.203,0.1752,20.0,87.5,47.5,Lumi_V_L_L_2.csv,Lumi L,4,2,2,51.7
0.4098,0.774,0.248,0.796,0.0954,6.4698,6.8267,5.8006,5.2729,5.9254,0.424,-0.035,-0.6171,0.7767,1.2776,-4.9822,-5.9564,-4.5385,-3.6834,-4.5325,0.3034,0.1133,-0.9222,0.1977,1.7808,-0.4216,1.904,-0.8712,-1.7298,-0.8404,0.1739,0.2017,0.2751,0.2257,0.163,20.0,87.5,47.5,Lumi_V_L_L_3.csv,Lumi L,4,2,2,51.7
0.4135,0.7715,0.4721,0.3199,0.0679,6.3529,6.8688,5.8921,5.5871,5.9909,0.3379,0.4102,-0.4449,0.4209,1.1825,-4.88,-5.8429,-4.578,-3.7489,-4.5684,0.2991,0.1628,-0.9003,0.1594,1.7536,-0.3696,1.874,-0.8595,-1.7819,-0.7848,0.1774,0.1894,0.2767,0.2114,0.1707,20.0,87.5,47.5,Lumi_V_L_L_4.csv,Lumi L,4,2,2,51.7
0.4046,0.7246,0.384,0.7092,-0.0037,6.2555,6.7334,5.8631,5.4936,5.9276,0.4585,0.4663,-0.4745,0.7963,1.2223,-4.9139,-5.9041,-4.5748,-3.7414,-4.5477,0.2179,0.0356,-0.9045,0.4425,1.7433,-0.4288,1.8827,-0.8339,-1.7334,-0.7275,0.1757,0.1951,0.2795,0.2128,0.1625,20.0,87.5,47.5,Lumi_V_L_L_5.csv,Lumi L,4,2,2,51.7
0.3989,-0.1328,0.5007,-0.0477,-0.0073,6.2156,6.7589,5.9048,5.382,5.9851,0.3934,-0.0313,-0.4055,0.3097,1.2088,-4.8792,-5.9062,-4.6417,-3.7122,-4.5985,0.2937,0.3246,-0.9074,0.166,1.7655,-0.2825,1.8662,-0.7668,-1.6519,-0.7964,0.1684,0.1654,0.2885,0.205,0.1521,20.0,87.5,47.5,Lumi_V_L_L_6.csv,Lumi L,4,2,2,51.7
0.5171,0.5871,0.5807,0.4525,-0.0162,6.0145,6.5715,5.652,5.3358,5.8048,1.0704,0.6199,-0.3394,0.694,1.1845,-4.7579,-5.6698,-4.4775,-3.645,-4.417,0.2906,0.1617,-0.8315,0.3982,1.6755,-0.4094,1.7809,-0.8152,-1.6154,-0.8344,0.2474,0.1947,0.2757,0.2072,0.1758,47.5,32.5,17.25,Durch_L_U_D_O_1.csv,Durchsichtig,5,2,3,19.3
0.3875,0.7296,0.5592,0.5467,0.0951,5.9973,6.5351,5.7202,5.4792,5.7834,0.2945,0.1914,-0.3609,0.7751,1.2482,-4.7167,-5.6758,-4.5068,-3.7176,-4.4437,0.2775,0.108,-0.8288,0.2139,1.6968,-0.4467,1.8123,-0.8049,-1.686,-0.7164,0.242,0.2199,0.2734,0.2189,0.1705,47.5,32.5,17.25,Durch_L_U_D_O_2.csv,Durchsichtig,5,2,3,19.3
0.5155,-0.1609,0.509,0.6656,0.0029,6.0202,6.6966,5.6156,5.5377,5.8285,0.2243,-0.0757,-0.411,0.7515,1.1737,-4.7154,-5.8322,-4.4627,-3.8048,-4.4423,0.2927,0.4951,-0.8159,0.56,1.6927,-0.387,1.84,-0.8207,-1.6696,-0.7544,0.2451,0.1818,0.2739,0.2439,0.1758,47.5,32.5,17.25,Durch_L_U_D_O_3.csv,Durchsichtig,5,2,3,19.3
0.4284,0.4451,0.4711,-0.091,0.1706,5.9957,6.4506,5.7133,5.437,5.8602,0.6893,0.6365,-0.4504,0.5196,1.3381,-4.8128,-5.656,-4.5093,-3.7398,-4.4477,0.3159,0.511,-0.8122,0.5886,1.7006,-0.413,1.8006,-0.8148,-1.5938,-0.7728,0.2453,0.1826,0.2716,0.2154,0.1703,47.5,32.5,17.25,Durch_L_U_D_O_4.csv,Durchsichtig,5,2,3,19.3
0.4991,-0.0734,0.4179,0.6302,-0.0437,5.9696,6.5453,5.7131,5.4278,5.7174,0.3111,0.4097,-0.5189,0.7436,1.1586,-4.7304,-5.6454,-4.5037,-3.807,-4.4479,0.3086,0.5394,-0.8396,0.4213,1.6833,-0.4237,1.8003,-0.8283,-1.655,-0.7774,0.2426,0.1733,0.2797,0.2355,0.1721,47.5,32.5,17.25,Durch_L_U_D_O_5.csv,Durchsichtig,5,2,3,19.3
0.5284,0.7676,0.3533,0.2155,0.2645,5.8844,6.5708,5.8297,5.658,5.8228,0.9683,0.5487,-0.5817,0.4446,1.2626,-4.6891,-5.7518,-4.514,-3.7362,-4.4339,0.3035,0.1334,-0.8288,0.2037,1.7047,-0.4641,1.8341,-0.8335,-1.7259,-0.764,0.2465,0.2255,0.274,0.2204,0.1694,47.5,32.5,17.25,Durch_L_U_D_O_6.csv,Durchsichtig,5,2,3,19.3
0.4886,0.1702,0.3795,0.5809,-0.0745,5.9733,6.6943,5.725,5.3933,5.8072,0.4015,0.4248,-0.5998,0.5812,0.9828,-4.7792,-5.7283,-4.5105,-3.7417,-4.4718,0.3211,0.4677,-0.8577,0.4117,1.6876,-0.3712,1.8147,-0.8091,-1.5383,-0.7766,0.246,0.1782,0.2705,0.2295,0.1728,47.5,32.5,5.75,Durch_L_U_D_U_1.csv,Durchsichtig,5,2,3,19.3
0.5248,0.6816,0.4516,0.6149,0.1114,5.9869,6.7106,5.7448,5.509,5.827,0.7441,0.387,-0.5146,0.5315,1.1116,-4.7619,-5.7184,-4.477,-3.7544,-4.4302,0.3062,0.1249,-0.8273,0.4844,1.6917,-0.3959,1.7947,-0.8822,-1.7189,-0.9016,0.2441,0.2138,0.2675,0.2394,0.1789,47.5,32.5,5.75,Durch_L_U_D_U_2.csv,Durchsichtig,5,2,3,19.3
0.3981,0.7808,0.4153,0.3387,0.1694,6.0546,6.4461,5.838,5.3945,5.7465,0.2542,0.3898,-0.5219,0.5464,1.1385,-4.7835,-5.6254,-4.5382,-3.7461,-4.4128,0.2683,0.1302,-0.8531,0.2794,1.7179,-0.4461,1.795,-0.8207,-1.6741,-0.8016,0.2451,0.1987,0.2653,0.2372,0.1688,47.5,32.5,5.75,Durch_L_U_D_U_3.csv,Durchsichtig,5,2,3,19.3
0.4416,0.0939,0.3125,0.5969,-0.0277,5.9546,6.5732,5.7664,5.6096,5.7585,0.2662,0.262,-0.6267,0.6005,1.0018,-4.7417,-5.7632,-4.4965,-3.739,-4.462,0.2915,0.4981,-0.8493,0.1858,1.6999,-0.42,1.8607,-0.8781,-1.7319,-0.7916,0.2436,0.1835,0.2736,0.2168,0.1673,47.5,32.5,5.75,Durch_L_U_D_U_4.csv,Durchsichtig,5,2,3,19.3
0.4137,0.7539,0.4393,0.5245,0.0316,5.958,6.5287,5.8061,5.3333,5.8574,0.4968,0.4299,-0.4454,0.6974,0.9977,-4.7493,-5.6531,-4.5214,-3.7011,-4.5098,0.2931,0.3404,-0.8248,0.6042,1.6818,-0.445,1.8212,-0.8321,-1.6698,-0.7254,0.2451,0.186,0.2672,0.2329,0.1686,47.5,32.5,5.75,Durch_L_U_D_U_5.csv,Durchsichtig,5,2,3,19.3
0.39,-0.0021,0.3663,0.3005,0.1218,6.0319,6.5238,5.7511,5.4386,5.7622,0.7567,-0.0008,-0.5202,0.4911,1.057,-4.8355,-5.6258,-4.5039,-3.6968,-4.4584,0.2833,0.1306,-0.8551,0.1792,1.6914,-0.4228,1.8123,-0.8665,-1.7148,-0.7586,0.2442,0.2098,0.2696,0.2168,0.1761,47.5,32.5,5.75,Durch_L_U_D_U_6.csv,Durchsichtig,5,2,3,19.3
0.506,0.8804,0.6369,0.2109,0.0198,6.1732,6.68,6.022,5.2496,5.8426,0.9342,0.553,-0.2763,0.461,1.0317,-4.8144,-5.8467,-4.6646,-3.6501,-4.5176,0.3195,0.1267,-0.9002,0.2133,1.7234,-0.412,1.8623,-0.8549,-1.7398,-0.7728,0.2431,0.2179,0.2631,0.2165,0.1683,54.5,47.5,20.0,6eck_L_U_1.csv,6eck,6,2,1,43.9
0.4673,-0.0334,0.4195,0.7057,0.2118,6.1367,6.7064,5.8473,5.5218,5.8898,0.4305,0.4088,-0.4906,0.4999,1.1819,-4.7814,-5.8525,-4.5686,-3.7565,-4.5005,0.3001,0.5365,-0.937,0.1526,1.7454,-0.3958,1.8608,-0.8707,-1.6771,-0.8248,0.2434,0.1632,0.2638,0.2183,0.1715,54.5,47.5,20.0,6eck_L_U_2.csv,6eck,6,2,1,43.9
0.4856,0.6473,0.3062,0.2431,0.1128,6.2276,6.5934,5.7701,5.5704,5.8817,0.9043,0.4253,-0.4813,0.4917,1.1289,-4.9005,-5.7707,-4.5258,-3.7589,-4.5161,0.3276,0.1278,-0.9081,0.2012,1.7245,-0.4168,1.8542,-0.8777,-1.7647,-0.7808,0.2391,0.217,0.2624,0.2151,0.1792,54.5,47.5,20.0,6eck_L_U_3.csv,6eck,6,2,1,43.9
0.479,0.8517,0.4451,0.0946,0.0645,6.0484,6.9003,5.8234,5.5183,5.926,0.5718,0.4078,-0.423,0.4322,1.086,-4.7436,-5.8797,-4.5644,-3.7207,-4.5284,0.3169,0.1455,-0.8809,0.2344,1.736,-0.4413,1.8739,-0.8622,-1.7799,-0.804,0.2421,0.2158,0.2676,0.2102,0.1685,54.5,47.5,20.0,6eck_L_U_4.csv,6eck,6,2,1,43.9
0.4325,0.1938,0.2801,0.0414,-0.109,6.0568,6.5798,5.8471,5.4231,5.9042,0.5845,0.3813,-0.5353,0.4441,0.9798,-4.8154,-5.608,-4.5613,-3.7199,-4.5135,0.3342,0.4678,-0.9191,0.2569,1.7163,-0.4632,1.8168,-0.8684,-1.7328,-0.7579,0.2394,0.1755,0.2677,0.2144,0.1641,54.5,47.5,20.0,6eck_L_U_5.csv,6eck,6,2,1,43.9
0.4953,-0.0723,0.5085,0.4264,0.052,6.1063,6.7055,5.8493,5.6219,5.9294,0.7608,0.1977,-0.3502,0.4376,1.0685,-4.8251,-5.8773,-4.5517,-3.7647,-4.5154,0.3334,0.4836,-0.9126,0.5611,1.7096,-0.3976,1.8798,-0.8883,-1.7698,-0.799,0.2378,0.17,0.2652,0.2396,0.1734,54.5,47.5,20.0,6eck_L_U_6.csv,6eck,6,2,1,43.9
0.4293,0.7388,0.4975,0.2925,0.1075,6.2529,6.7347,5.8792,5.3823,5.9177,0.7951,0.5154,-0.3661,0.5767,1.1167,-4.9112,-5.9006,-4.5735,-3.6758,-4.5491,0.3275,0.3256,-0.895,0.4541,1.7571,-0.4653,1.904,-0.8864,-1.7599,-0.7901,0.2391,0.2156,0.2674,0.2269,0.1678,54.5,47.5,20.0,6eck_L_U_7.csv,6eck,6,2,1,43.9
0.5282,0.0385,0.1614,-0.0607,-0.1496,6.1101,6.8581,5.9083,5.6023,5.9185,0.5883,0.3174,-0.6537,0.3846,0.9556,-4.8651,-5.9174,-4.5465,-3.776,-4.526,0.3284,0.4653,-0.9333,0.2202,1.7107,-0.4057,1.8946,-0.9252,-1.7591,-0.8045,0.2395,0.1745,0.2729,0.2037,0.1639,54.5,47.5,20.0,6eck_L_U_8.csv,6eck,6,2,1,43.9
0.4904,0.6833,0.2689,0.7596,0.3655,6.0529,6.5436,6.0089,5.8115,6.0524,0.468,0.3422,-0.4865,0.6811,1.3467,-4.8517,-5.6464,-4.6595,-3.8795,-4.5503,0.3315,0.149,-0.957,0.1707,1.7869,-0.4431,1.7958,-0.8456,-1.7534,-0.7997,0.2366,0.1876,0.2623,0.2351,0.1734,47.5,54.5,20.0,6eck_L_L_1.csv,6eck,6,2,1,43.9
0.5021,0.3413,0.3884,0.647,0.004,6.1823,6.6639,5.8408,5.4202,5.9371,0.8158,0.4593,-0.403,0.6575,1.0127,-4.9088,-5.7275,-4.5718,-3.7181,-4.5251,0.3628,0.507,-0.9037,0.3027,1.721,-0.4039,1.8277,-0.8664,-1.7497,-0.7825,0.2375,0.1673,0.2666,0.2305,0.1753,47.5,54.5,20.0,6eck_L_L_2.csv,6eck,6,2,1,43.9
0.5098,0.7338,0.3906,0.222,0.0084,6.1188,6.8228,5.8168,5.6642,5.8771,0.6758,0.3409,-0.4488,0.658,1.0272,-4.9028,-5.9224,-4.5419,-3.7551,-4.479,0.3256,0.1314,-0.9263,0.3938,1.7008,-0.424,1.9013,-0.855,-1.6758,-0.7864,0.2373,0.2007,0.2718,0.2218,0.1637,47.5,54.5,20.0,6eck_L_L_3.csv,6eck,6,2,1,43.9
0.4603,0.8611,0.4323,0.3124,-0.0089,6.1318,6.8332,5.8848,5.4136,5.956,0.5018,0.3926,-0.3835,0.4039,0.9936,-4.8478,-5.906,-4.5608,-3.7337,-4.4958,0.3441,0.1585,-0.8836,0.1929,1.7288,-0.3844,1.8977,-0.8663,-1.7296,-0.8045,0.2414,0.2081,0.2594,0.2124,0.1832,47.5,54.5,20.0,6eck_L_L_4.csv,6eck,6,2,1,43.9
0.5674,0.7119,0.4711,-0.0965,0.1682,6.1113,6.8418,5.9097,5.4991,5.9677,0.9315,0.4495,-0.3989,0.4839,1.1688,-4.843,-5.909,-4.5761,-3.7283,-4.5549,0.3313,0.1503,-0.9173,0.1606,1.7487,-0.4327,1.9063,-0.8632,-1.776,-0.7906,0.2365,0.2132,0.2649,0.2178,0.1777,47.5,54.5,20.0,6eck_L_L_5.csv,6eck,6,2,1,43.9
0.3994,-0.2128,0.4555,0.7217,0.2373,6.2252,6.7494,5.8697,5.6086,5.9499,0.8737,0.4494,-0.3438,0.5558,1.2188,-4.9322,-5.8776,-4.581,-3.8355,-4.5111,0.3206,0.5285,-0.8943,0.1519,1.7521,-0.4083,1.8833,-0.8648,-1.6326,-0.833,0.2392,0.1664,0.274,0.2258,0.1674,47.5,54.5,20.0,6eck_L_L_6.csv,6eck,6,2,1,43.9
0.5041,0.2799,0.5655,0.0848,0.1602,6.088,6.947,5.819,5.3613,5.9402,0.6925,0.4981,-0.3365,0.4795,1.1725,-4.7863,-5.8968,-4.5619,-3.6777,-4.5079,0.3318,0.5405,-0.8663,0.2319,1.7618,-0.449,1.8895,-0.8352,-1.7576,-0.8106,0.2424,0.1703,0.2649,0.2046,0.1739,47.5,54.5,20.0,6eck_L_L_7.csv,6eck,6,2,1,43.9
0.539,0.5355,0.4697,0.4985,-0.0352,5.9926,6.7176,5.811,5.2214,5.9246,0.566,0.3384,-0.3669,0.5503,1.017,-4.7905,-5.8648,-4.5402,-3.6059,-4.5111,0.3215,0.4361,-0.8841,0.5072,1.7317,-0.4058,1.8906,-0.8809,-1.7761,-0.82,0.2367,0.1814,0.2668,0.2259,0.1721,47.5,54.5,20.0,6eck_L_L_8.csv,6eck,6,2,1,43.9
0.3923,0.6044,0.659,0.6748,0.1039,6.2604,6.6805,5.8272,5.4843,5.9016,0.5257,0.2446,-0.2069,0.5667,1.111,-4.9355,-5.8441,-4.5553,-3.7224,-4.5268,0.3268,0.3097,-0.8533,0.1906,1.7595,-0.4979,1.8922,-0.8517,-1.7614,-0.7735,0.2311,0.2106,0.2648,0.2166,0.1704,54.5,20.0,47.5,6eck_H_L_U_1.csv,6eck,6,2,1,43.9
0.3904,0.7525,0.4811,0.0986,0.0036,6.2735,6.7481,5.7787,5.6309,5.9802,0.5295,0.3015,-0.3472,0.4039,1.0541,-4.9211,-5.8694,-4.5417,-3.8284,-4.5583,0.2936,0.1357,-0.892,0.1831,1.7547,-0.4251,1.9113,-0.8416,-1.7297,-0.7815,0.2343,0.2031,0.2683,0.2132,0.1719,54.5,20.0,47.5,6eck_H_L_U_2.csv,6eck,6,2,1,43.9
0.3419,0.5938,0.3623,0.7842,0.1535,6.3929,6.7587,5.8939,5.76,6.0137,0.6474,0.3024,-0.4548,0.637,1.1685,-5.011,-5.9624,-4.5618,-3.836,-4.6078,0.3261,0.1513,-0.8799,0.2889,1.8097,-0.4682,1.9279,-0.8718,-1.7922,-0.8033,0.2327,0.2057,0.2706,0.2285,0.1764,64.61,46.35,20.0,Endboss_L_U_S_0_1.csv,6eck,6,2,1,43.9
0.3609,-0.1803,0.5304,0.6128,0.1303,6.5124,6.9223,5.8937,5.708,5.8524,0.8408,0.3591,-0.3125,0.6738,1.1433,-5.0199,-5.9664,-4.624,-3.8084,-4.5341,0.3327,0.4817,-0.8924,0.2431,1.7655,-0.4483,1.8853,-0.8536,-1.8208,-0.8316,0.2424,0.1771,0.2614,0.2167,0.1755,64.61,46.35,20.0,Endboss_L_U_S_0_2.csv,6eck,6,2,1,43.9
0.3526,-0.0837,0.4386,0.2872,0.121,6.4126,6.6145,5.8699,5.752,5.8967,0.8299,0.4008,-0.4,0.5946,1.1485,-4.9615,-5.8136,-4.612,-3.8513,-4.5388,0.3375,0.2652,-0.8822,0.4351,1.7971,-0.425,1.9063,-0.8618,-1.7697,-0.8068,0.2367,0.1956,0.2641,0.2136,0.1756,64.61,46.35,20.0,Endboss_L_U_S_0_3.csv,Endboss,7,2,3,58.1
0.3377,0.5148,0.4788,0.7762,0.1555,6.3522,6.8236,5.9029,5.2616,5.9927,0.6082,0.217,-0.3462,0.5868,1.1582,-4.9511,-5.8218,-4.6205,-3.6893,-4.5873,0.2899,0.1286,-0.8922,0.1435,1.7785,-0.5052,1.8608,-0.9053,-1.7662,-0.8348,0.2395,0.2161,0.2736,0.2381,0.1658,81.39,46.35,20.0,Endboss_L_U_S_X_1.csv,Endboss,7,2,3,58.1
0.3921,0.7393,0.328,0.7824,0.0055,6.2683,6.8058,5.8774,5.6145,5.9539,0.7087,0.3855,-0.4421,0.6983,1.004,-4.9085,-6.0236,-4.5746,-3.8056,-4.5108,0.2917,0.144,-0.9108,0.1642,1.753,-0.4766,1.9325,-0.9069,-1.7792,-0.8366,0.2452,0.2086,0.2666,0.235,0.1741,81.39,46.35,20.0,Endboss_L_U_S_X_2.csv,Endboss,7,2,3,58.1
0.3218,-0.1443,0.4105,-0.1323,0.0431,6.3065,6.9134,5.9713,5.4307,5.9716,0.4182,-0.1047,-0.4076,0.37,1.0309,-4.8937,-6.0297,-4.6381,-3.6912,-4.5797,0.2567,0.518,-0.9409,0.1742,1.7422,-0.5019,1.9566,-0.9218,-1.7778,-0.7894,0.245,0.1521,0.2642,0.2278,0.175,81.39,46.35,20.0,Endboss_L_U_S_X_3.csv,Endboss,7,2,3,58.1
0.3819,0.6105,0.5135,0.2997,-0.0077,6.5183,6.8473,5.8414,5.3935,6.0362,0.8306,0.2576,-0.3039,0.6981,1.0315,-5.0484,-5.8761,-4.5906,-3.7493,-4.5663,0.3281,0.133,-0.8953,0.5985,1.7583,-0.4374,1.9042,-0.8484,-1.7698,-0.8267,0.2428,0.2048,0.2695,0.2153,0.1683,46.35,64.61,20.0,Endboss_L_L_S_0_1.csv,Endboss,7,2,3,58.1
0.327,0.6276,0.4263,0.5466,0.037,6.3014,6.8073,5.8851,5.7182,6.0315,0.4228,0.1954,-0.3931,0.4988,1.0457,-4.9272,-5.9783,-4.6422,-3.8784,-4.5741,0.2805,0.1435,-0.923,0.1575,1.7566,-0.4648,1.9325,-0.8687,-1.7513,-0.8175,0.2382,0.211,0.2756,0.2174,0.1663,46.35,64.61,20.0,Endboss_L_L_S_0_2.csv,Endboss,7,2,3,58.1
0.3772,-0.2919,0.5943,-0.0182,0.0958,6.4611,6.9089,5.9324,5.624,6.0323,0.5295,0.1372,-0.2551,0.4114,1.0934,-4.9596,-5.9535,-4.6438,-3.8126,-4.5969,0.2757,0.5339,-0.9032,0.3956,1.7648,-0.4484,1.9412,-0.8462,-1.7699,-0.7982,0.2422,0.1602,0.283,0.2132,0.1514,46.35,64.61,20.0,Endboss_L_L_S_0_3.csv,Endboss,7,2,3,58.1
0.3885,0.6823,0.5075,0.5825,-0.076,6.3281,6.7399,5.9006,5.4981,6.0506,0.2531,0.1313,-0.3489,0.6072,0.9744,-4.9398,-5.8848,-4.6156,-3.7689,-4.6197,0.3129,0.1561,-0.9486,0.1795,1.7749,-0.4735,1.9011,-0.906,-1.7794,-0.8431,0.2377,0.2085,0.2682,0.2293,0.1667,46.35,81.39,20.0,Endboss_L_L_S_Y_1.csv,Endboss,7,2,3,58.1
0.3325,0.1805,0.5683,0.0179,0.3152,6.3084,6.7609,5.8603,5.4192,6.0354,0.7241,0.3307,-0.2674,0.4956,1.249,-4.9293,-5.9358,-4.5582,-3.7618,-4.5471,0.3217,0.2128,-0.903,0.1759,1.797,-0.4665,1.9001,-0.8859,-1.756,-0.829,0.241,0.1868,0.2666,0.2229,0.1767,46.35,81.39,20.0,Endboss_L_L_S_Y_2.csv,Endboss,7,2,3,58.1
0.3724,0.6851,0.3056,0.7529,0.1084,6.2134,7.0278,5.9045,5.3681,5.9549,0.5246,0.1743,-0.478,0.7193,1.0889,-4.865,-6.0901,-4.6,-3.7026,-4.4922,0.2798,0.1444,-0.9341,0.2212,1.7567,-0.4629,1.8872,-0.8877,-1.7842,-0.836,0.2371,0.1898,0.2561,0.2359,0.1791,46.35,81.39,20.0,Endboss_L_L_S_Y_3.csv,Endboss,7,2,3,58.1
0.4252,0.8915,0.5558,-0.0617,0.2555,6.1368,6.7313,5.8892,5.487,5.9117,0.4311,0.2372,-0.1794,0.5135,1.2186,-4.7396,-5.8426,-4.4979,-3.6957,-4.4528,0.6087,0.1646,-0.8398,0.2765,1.7155,-0.3001,1.8717,-0.8336,-1.6018,-0.8516,0.3031,0.2891,0.3281,0.2407,0.201,32.5,47.5,17.25,Durch_L_L_D_O_1.csv,Endboss,7,2,3,58.1
0.4212,0.9239,0.3796,-0.0475,0.1642,6.0789,6.4941,5.8908,5.4879,5.8088,0.708,0.556,-0.3386,0.5566,1.1329,-4.7041,-5.6389,-4.4993,-3.6569,-4.4544,0.3186,0.1456,-0.8748,0.3725,1.6915,-0.3291,1.7999,-0.8418,-1.5914,-0.7751,0.3192,0.2953,0.3317,0.241,0.2168,32.5,47.5,17.25,Durch_L_L_D_O_2.csv,Endboss,7,2,3,58.1
0.5051,0.9605,0.3614,0.6822,0.0383,6.085,6.6261,5.7846,5.5803,5.8557,0.5072,0.5772,-0.3671,0.5595,1.0282,-4.6898,-5.7157,-4.4248,-3.686,-4.4526,0.6625,0.2986,-0.8743,0.2015,1.6888,-0.3216,1.8286,-0.8337,-1.6027,-0.7815,0.3198,0.2292,0.3274,0.2794,0.2152,32.5,47.5,17.25,Durch_L_L_D_O_3.csv,Durchsichtig,5,3,3,19.3
0.3766,0.9212,0.4254,0.7328,0.0535,6.0,6.6842,5.7773,5.5965,5.8783,0.8318,0.5174,-0.2834,0.5259,1.0658,-4.6701,-5.7214,-4.4424,-3.6942,-4.4697,0.6856,0.1539,-0.8643,0.1872,1.7028,-0.3229,1.8471,-0.8298,-1.6977,-0.7657,0.3123,0.2927,0.3289,0.2419,0.1998,32.5,47.5,17.25,Durch_L_L_D_O_4.csv,Durchsichtig,5,3,3,19.3
0.4243,0.0902,0.5378,0.9144,0.1888,5.9359,6.68,5.8181,5.5722,5.9552,0.5007,0.1242,-0.2302,0.7583,1.138,-4.6156,-5.7039,-4.4829,-3.7448,-4.469,0.6202,0.4572,-0.8395,0.2126,1.6988,-0.3208,1.8271,-0.8255,-1.6711,-0.7757,0.3144,0.2126,0.3299,0.2859,0.2088,32.5,47.5,17.25,Durch_L_L_D_O_5.csv,Durchsichtig,5,3,3,19.3
0.4578,0.7992,0.5443,0.3442,-0.1243,6.0445,6.6506,5.7897,5.5405,5.8271,0.3878,0.2942,-0.1702,0.6891,0.8657,-4.6595,-5.7718,-4.4802,-3.648,-4.4271,0.5675,0.2374,-0.8282,0.5159,1.6671,-0.3183,1.8459,-0.8053,-1.7065,-0.746,0.3102,0.2483,0.3307,0.2466,0.2015,32.5,47.5,17.25,Durch_L_L_D_O_6.csv,Durchsichtig,5,3,3,19.3
0.4141,0.2947,0.3994,-0.0032,0.2336,6.0548,6.689,5.6538,5.5762,5.8163,0.6886,0.4904,-0.3331,0.522,1.1756,-4.7345,-5.8132,-4.3995,-3.7188,-4.4077,0.2594,0.4235,-0.8431,0.2535,1.6891,-0.2956,1.8632,-0.824,-1.6105,-0.8183,0.3025,0.2182,0.3194,0.234,0.1973,32.5,47.5,5.75,Durch_L_L_D_U_1.csv,Durchsichtig,5,3,3,19.3
0.6547,0.1163,0.6391,-0.0805,0.0844,5.9862,6.3864,5.8476,5.3843,5.8218,0.9287,0.5478,-0.1273,0.5125,1.0622,-4.676,-5.6004,-4.4854,-3.6519,-4.4017,0.452,0.4956,-0.8265,0.2324,1.6818,-0.3234,1.8257,-0.8212,-1.6745,-0.7985,0.3019,0.1942,0.3185,0.2235,0.2037,32.5,47.5,5.75,Durch_L_L_D_U_2.csv,Durchsichtig,5,3,3,19.3
0.4618,0.9331,0.4138,0.4297,0.0932,6.069,6.7061,5.7078,5.487,5.8405,0.703,0.5377,-0.3067,0.4907,1.103,-4.7133,-5.6931,-4.447,-3.7155,-4.466,0.312,0.1489,-0.8425,0.2483,1.6604,-0.3181,1.8324,-0.8231,-1.6752,-0.7583,0.3015,0.2834,0.3231,0.2385,0.2035,32.5,47.5,5.75,Durch_L_L_D_U_3.csv,Durchsichtig,5,3,3,19.3
0.4541,0.9117,0.3784,0.7491,0.0996,6.056,6.6086,5.9562,5.8273,5.8498,0.4254,0.4393,-0.3488,0.722,1.0445,-4.6316,-5.7664,-4.5585,-3.8726,-4.4003,0.4206,0.1094,-0.8703,0.2488,1.6864,-0.3613,1.8528,-0.8122,-1.6332,-0.8076,0.2976,0.2857,0.3103,0.2358,0.202,32.5,47.5,5.75,Durch_L_L_D_U_4.csv,Durchsichtig,5,3,3,19.3
0.3634,0.2547,0.3555,0.8541,0.1638,5.9915,6.6339,5.7594,5.4635,5.8562,0.9497,0.619,-0.3619,0.6219,1.0959,-4.629,-5.6559,-4.4991,-3.6775,-4.4548,0.6803,0.6197,-0.8556,0.2163,1.6894,-0.3319,1.8238,-0.8451,-1.6674,-0.7854,0.2938,0.2054,0.3095,0.264,0.1923,32.5,47.5,5.75,Durch_L_L_D_U_5.csv,Durchsichtig,5,3,3,19.3
0.4155,0.7671,0.4613,-0.0864,0.1687,6.0063,6.5144,5.7955,5.6572,5.8701,0.3686,0.4192,-0.2884,0.4716,1.1446,-4.6379,-5.4867,-4.4905,-3.7911,-4.4186,0.3105,0.0719,-0.84,0.3417,1.6808,-0.3697,1.7847,-0.7999,-1.6089,-0.8381,0.2829,0.2653,0.3101,0.2228,0.1928,32.5,47.5,5.75,Durch_L_L_D_U_6.csv,Durchsichtig,5,3,3,19.3
0.4795,0.0998,0.4492,0.1073,-0.0405,6.4603,7.0269,5.968,5.7328,6.1317,1.0858,0.7093,-0.2906,0.5246,1.1097,-4.9728,-5.9688,-4.6392,-3.7661,-4.6195,0.379,0.5047,-0.8981,0.2012,1.8554,-0.2912,1.8876,-0.8219,-1.7633,-0.7757,0.313,0.2673,0.3501,0.239,0.2304,120.0,12.5,17.5,Rechteck_Lang_L_U_1.csv,Durchsichtig,5,3,3,19.3
0.4782,-0.2145,0.4995,0.8083,0.0323,6.2816,6.9736,6.0396,5.8295,6.0324,1.115,0.2603,-0.2437,0.6506,1.1443,-4.8236,-6.0234,-4.6414,-3.8836,-4.5722,0.3178,0.3495,-0.895,0.4411,1.825,-0.3206,1.9019,-0.8211,-1.7231,-0.8476,0.3287,0.2691,0.3699,0.2845,0.2236,120.0,12.5,17.5,Rechteck_Lang_L_U_2.csv,Durchsichtig,5,3,3,19.3
0.2897,0.8648,0.4598,-0.2028,0.0002,6.4314,6.8811,6.0144,5.5912,6.0496,0.6197,0.3137,-0.2964,0.5285,1.1243,-4.8983,-5.8592,-4.6056,-3.6974,-4.586,0.3967,0.1207,-0.9444,0.1809,1.8061,-0.3084,1.8431,-0.8805,-1.7941,-0.8139,0.3198,0.2851,0.3669,0.2693,0.2216,120.0,12.5,17.5,Rechteck_Lang_L_U_3.csv,RechteckLang,8,3,2,71.6
0.4771,0.9909,0.4296,-0.0778,-0.0043,6.444,6.9272,5.9953,5.7066,6.0365,0.6608,0.5298,-0.3035,0.5586,1.2082,-4.9002,-5.923,-4.5989,-3.7491,-4.5442,0.602,0.0877,-0.9548,0.184,1.8009,-0.3133,1.8786,-0.8819,-1.6771,-0.8659,0.3316,0.2885,0.3764,0.2795,0.217,120.0,12.5,17.5,Rechteck_Lang_L_U_4.csv,RechteckLang,8,3,2,71.6
0.4799,1.0144,0.4101,0.728,0.0551,6.2029,6.8441,6.0175,5.6326,6.0815,0.566,0.1423,-0.3253,0.7011,1.2968,-4.7489,-5.9782,-4.5815,-3.7328,-4.5805,0.5283,0.0684,-0.9983,0.0824,1.7892,-0.3361,1.8657,-0.8997,-1.6869,-0.8388,0.241,0.2464,0.3816,0.2983,0.222,120.0,12.5,17.5,Rechteck_Lang_L_U_5.csv,RechteckLang,8,3,2,71.6
0.4751,0.9816,0.5025,-0.0283,-0.0178,6.3996,6.9107,6.0018,5.5916,6.0873,0.8243,0.4069,-0.2106,0.6663,1.2676,-4.9803,-6.0056,-4.5737,-3.6995,-4.6014,0.6599,0.154,-0.9971,0.5536,1.7672,-0.2664,1.8674,-0.8584,-1.7474,-0.8002,0.2241,0.2488,0.3856,0.2938,0.234,120.0,12.5,17.5,Rechteck_Lang_L_U_6.csv,RechteckLang,8,3,2,71.6
0.413,0.8793,0.5396,1.0109,0.0545,6.4547,6.8816,5.9797,5.5863,6.0421,0.3635,0.4477,-0.2238,0.8495,1.1662,-4.8983,-5.9321,-4.5867,-3.7125,-4.5436,0.3843,0.1845,-0.9193,0.1527,1.8077,-0.3483,1.8343,-0.8846,-1.8037,-0.8375,0.3256,0.3032,0.3338,0.3098,0.2464,12.5,120.0,17.5,Rechteck_Lang_L_L_1.csv,RechteckLang,8,3,2,71.6
0.3264,0.9511,0.5532,0.9877,0.1973,6.3311,6.8084,6.0557,5.7271,6.1311,0.7927,0.6217,-0.2645,0.8598,1.2733,-4.8115,-5.9115,-4.6242,-3.7129,-4.6248,0.297,0.0331,-0.964,0.1718,1.8411,-0.3676,1.8515,-0.8383,-1.7814,-0.8042,0.3221,0.2973,0.3385,0.3058,0.2278,12.5,120.0,17.5,Rechteck_Lang_L_L_2.csv,RechteckLang,8,3,2,71.6
0.5302,0.9602,0.4397,0.0114,0.0716,6.3548,6.8787,5.9708,5.5773,6.0362,0.3627,0.4652,-0.4482,0.5851,1.051,-4.8369,-5.8728,-4.6237,-3.7037,-4.6348,0.4009,0.1109,-1.0129,0.3577,1.7933,-0.3187,1.9028,-0.888,-1.7762,-0.7869,0.3162,0.2926,0.3379,0.2435,0.2133,12.5,120.0,17.5,Rechteck_Lang_L_L_3.csv,RechteckLang,8,3,2,71.6
0.3586,0.1466,0.7473,0.8648,0.284,6.3211,6.8836,5.9966,5.6091,6.2073,0.6424,0.5945,-0.1179,0.6399,1.302,-4.9,-5.8107,-4.6681,-3.8176,-4.6916,0.5439,0.5778,-0.9193,0.5181,1.8414,-0.2992,1.9139,-0.8499,-1.7408,-0.8009,0.3143,0.2198,0.352,0.2894,0.1972,12.5,120.0,17.5,Rechteck_Lang_L_L_4.csv,RechteckLang,8,3,2,71.6
0.4893,0.1907,0.3334,0.2274,0.1365,6.5345,6.8681,6.0574,5.883,6.0788,0.4794,0.1708,-0.4093,0.6093,1.2069,-5.0449,-5.9543,-4.6293,-3.8698,-4.6211,0.543,0.4033,-0.9894,0.1397,1.8251,-0.2535,1.9138,-0.8291,-1.7363,-0.8081,0.3107,0.2276,0.3728,0.2557,0.1849,12.5,120.0,17.5,Rechteck_Lang_L_L_5.csv,RechteckLang,8,3,2,71.6
0.3772,-0.2019,0.3522,0.7976,-0.0366,6.4388,7.2276,6.0685,5.9743,6.1513,0.6643,0.1539,-0.4287,0.824,1.0906,-4.9734,-6.1969,-4.6946,-3.9646,-4.6929,0.3926,0.5722,-1.0128,0.4445,1.8098,-0.3027,2.0236,-0.8016,-1.7402,-0.7142,0.3038,0.2026,0.382,0.298,0.1815,12.5,120.0,17.5,Rechteck_Lang_L_L_6.csv,RechteckLang,8,3,2,71.6
